"Month","Hour","mean_Irradiance","mean_IncidentFlux"
1,0,0,0
1,1,0,0
1,2,0,0
1,3,0,0
1,4,0,0
1,5,0,0
1,6,56.2723490766764,0
1,7,109.274353766683,16.7796149365258
1,8,155.925730211885,58.0870446155095
1,9,193.51526998414,108.478573790313
1,10,219.858405664303,154.968393353033
1,11,233.424169960046,185.70245954862
1,12,233.424169960046,192.923890213351
1,13,219.858405664303,174.91010760063
1,14,193.51526998414,136.40029085133
1,15,155.925730211885,87.4070600836027
1,16,109.274353766683,40.7079976726797
1,17,56.2723490766765,8.64089620787386
1,18,2.87961727797511e-14,0
1,19,0,0
1,20,0,0
1,21,0,0
1,22,0,0
1,23,0,0
2,0,0,0
2,1,0,0
2,2,0,0
2,3,0,0
2,4,0,0
2,5,0,0
2,6,18.228220760326,0
2,7,35.3970835869484,6.6484479329129
2,8,50.5087965786611,20.969862235574
2,9,62.6851219052276,38.2630240276414
2,10,71.2184157978095,54.1405294536334
2,11,75.6127542326312,64.6016156053967
2,12,75.6127542326312,67.0302828908794
2,13,71.2184157978095,60.8472045237296
2,14,62.6851219052276,47.653484717347
2,15,50.5087965786612,30.8305900723692
2,16,35.3970835869484,14.6958949062152
2,17,18.228220760326,3.4237107793636
2,18,9.32790265724581e-15,0
2,19,0,0
2,20,0,0
2,21,0,0
2,22,0,0
2,23,0,0
3,0,0,0
3,1,0,0
3,2,0,0
3,3,0,0
3,4,0,0
3,5,0,0
3,6,1.57336322534781,0.00860202319507733
3,7,3.05528829898104,0.701148514741977
3,8,4.35965112219859,2.01871236998936
3,9,5.41064686888101,3.59053203872856
3,10,6.14719548644523,5.02533484471317
3,11,6.52649144648369,5.96680006561892
3,12,6.5264914464837,6.18215564700788
3,13,6.14719548644523,5.62003133424092
3,14,5.41064686888101,4.42320604616877
3,15,4.35965112219859,2.89308605999828
3,16,3.05528829898104,1.41473436982874
3,17,1.57336322534782,0.361066184480914
3,18,8.05135026808411e-16,4.4019016487716e-18
3,19,0,0
3,20,0,0
3,21,0,0
3,22,0,0
3,23,0,0
4,0,0,0
4,1,0,0
4,2,0,0
4,3,0,0
4,4,0,0
4,5,0,0
4,6,10.661264355423,2.01068168098649
4,7,20.702934778628,6.07208160025002
4,8,29.5414258846051,15.4046366996566
4,9,36.6630766968831,26.3636166881449
4,10,41.6540027563996,36.2688388461941
4,11,44.2241495818538,42.722333168495
4,12,44.2241495818538,44.1602041363558
4,13,41.6540027563996,40.2394664541047
4,14,36.6630766968831,31.9231558153342
4,15,29.5414258846051,21.2425933284858
4,16,20.702934778628,10.7957276716168
4,17,10.661264355423,3.12690291594764
4,18,5.4556743314739e-15,1.02892340626963e-15
4,19,0,0
4,20,0,0
4,21,0,0
4,22,0,0
4,23,0,0
5,0,0,0
5,1,0,0
5,2,0,0
5,3,0,0
5,4,0,0
5,5,0,0
5,6,44.3953267412653,14.0978452363512
5,7,86.210558462775,33.5257612801129
5,8,123.015545889058,65.6818536403659
5,9,152.671316931585,110.557258668121
5,10,173.454385971706,150.925033757275
5,11,184.15691658019,177.134819217933
5,12,184.156916580191,182.898196492928
5,13,173.454385971706,166.840387383857
5,14,152.671316931585,132.841401112946
5,15,123.015545889058,89.0819690325412
5,16,86.210558462775,46.0305178689603
5,17,44.3953267412653,17.2645572980826
5,18,2.2718360268078e-14,7.21427119907497e-15
5,19,0,0
5,20,0,0
5,21,0,0
5,22,0,0
5,23,0,0
6,0,0,0
6,1,0,0
6,2,0,0
6,3,0,0
6,4,0,0
6,5,0,0
6,6,93.4938240839564,35.1233162883341
6,7,181.554126948376,80.8390309169746
6,8,259.063163876957,138.955457395873
6,9,321.516391377296,232.117879500977
6,10,365.284254875317,315.729986932745
6,11,387.823125234227,369.926127511571
6,12,387.823125234228,381.766727075155
6,13,365.284254875317,348.427365607361
6,14,321.516391377296,277.899648543204
6,15,259.063163876957,187.029942698529
6,16,181.554126948376,97.3814122188448
6,17,93.4938240839566,41.6291838841989
6,18,4.78434676415018e-14,1.79736069496328e-14
6,19,0,0
6,20,0,0
6,21,0,0
6,22,0,0
6,23,0,0
7,0,0,0
7,1,0,0
7,2,0,0
7,3,0,0
7,4,0,0
7,5,0,0
7,6,144.816166714685,49.5190134426684
7,7,281.21614420526,116.025388859743
7,8,401.272861573719,214.7733786217
7,9,498.009058795019,360.36558259365
7,10,565.802779708428,491.209199712393
7,11,600.714099674607,576.103866317716
7,12,600.714099674607,594.722114053066
7,13,565.802779708428,542.622803659681
7,14,498.00905879502,432.353180283571
7,15,401.27286157372,290.366060589179
7,16,281.21614420526,150.515390393116
7,17,144.816166714685,59.7488885417068
7,18,7.41065803443726e-14,2.53402975062387e-14
7,19,0,0
7,20,0,0
7,21,0,0
7,22,0,0
7,23,0,0
8,0,0,0
8,1,0,0
8,2,0,0
8,3,0,0
8,4,0,0
8,5,0,0
8,6,185.007062398063,40.2235847669115
8,7,359.26218680286,111.537396829212
8,8,512.638298775591,269.09063706631
8,9,636.221736187883,458.814750665782
8,10,722.830278864852,630.118132520305
8,11,767.430553115356,741.642636189001
8,12,767.430553115356,766.420417803514
8,13,722.830278864853,698.541061934993
8,14,636.221736187884,554.618233349478
8,15,512.638298775591,369.691885479679
8,16,359.26218680286,188.581483185158
8,17,185.007062398063,57.4377345930448
8,18,9.46734128164722e-14,2.0583560412427e-14
8,19,0,0
8,20,0,0
8,21,0,0
8,22,0,0
8,23,0,0
9,0,0,0
9,1,0,0
9,2,0,0
9,3,0,0
9,4,0,0
9,5,0,0
9,6,202.054739096725,8.91733230605625
9,7,392.366791196241,101.74899310255
9,8,559.875911586689,276.441662094305
9,9,694.847079061853,482.966232570974
9,10,789.43625996831,670.658775143078
9,11,838.146274929459,793.428807111767
9,12,838.146274929459,821.189031007239
9,13,789.43625996831,747.3176088388
9,14,694.847079061853,590.301351212414
9,15,559.875911586689,389.152042045488
9,16,392.366791196241,193.733157051718
9,17,202.054739096725,52.3970598837143
9,18,1.03397197264125e-13,4.56325435196882e-15
9,19,0,0
9,20,0,0
9,21,0,0
9,22,0,0
9,23,0,0
10,0,0,0
10,1,0,0
10,2,0,0
10,3,0,0
10,4,0,0
10,5,0,0
10,6,191.939421582873,0
10,7,372.72402165476,78.3420749085151
10,8,531.847256384767,234.77561428
10,9,660.061461759811,422.445983128098
10,10,749.915294203166,594.219852907541
10,11,796.186775578619,707.147635493355
10,12,796.186775578619,733.159546574948
10,13,749.915294203167,666.050785295552
10,14,660.061461759811,523.021236863307
10,15,531.847256384768,340.387600418947
10,16,372.724021654761,164.533162652251
10,17,191.939421582874,40.3433416413141
10,18,9.82208995685374e-14,0
10,19,0,0
10,20,0,0
10,21,0,0
10,22,0,0
10,23,0,0
11,0,0,0
11,1,0,0
11,2,0,0
11,3,0,0
11,4,0,0
11,5,0,0
11,6,157.635579025067,0
11,7,306.109951179214,50.7081450138549
11,8,436.794325635224,169.413447306765
11,9,542.09380156809,313.691442109618
11,10,615.888756184612,446.568634270214
11,11,653.890494956227,534.306678807694
11,12,653.890494956227,554.834232722114
11,13,615.888756184612,503.254716761146
11,14,542.09380156809,393.061386787269
11,15,436.794325635225,252.758178598361
11,16,306.109951179214,118.726684484186
11,17,157.635579025067,26.1128649028019
11,18,8.06666407982493e-14,0
11,19,0,0
11,20,0,0
11,21,0,0
11,22,0,0
11,23,0,0
12,0,0,0
12,1,0,0
12,2,0,0
12,3,0,0
12,4,0,0
12,5,0,0
12,6,108.192763308933,0
12,7,210.097756479043,30.2440304771273
12,8,299.792631716864,107.978930002996
12,9,372.064648901179,203.093974070198
12,10,422.71362109133,290.967473206047
12,11,448.796014125147,349.116781476891
12,12,448.796014125147,362.826872347739
12,13,422.71362109133,328.827383125322
12,14,372.064648901179,256.104145592889
12,15,299.792631716864,163.643810698373
12,16,210.097756479043,75.6727435584968
12,17,108.192763308933,15.5745843542426
12,18,5.53653358511393e-14,0
12,19,0,0
12,20,0,0
12,21,0,0
12,22,0,0
12,23,0,0
